1,´ì_´ì_,0.7,6.9,45,45,49,49,45,65,65,grass,poison,1,0
2,´ì_´í,1,13,45,60,62,63,60,80,80,grass,poison,1,0
3,´ì_´ê_,2,100,45,80,100,123,80,122,120,grass,poison,1,0
4,__ë¦,0.6,8.5,45,39,52,43,65,60,50,fire,,1,0
5,ë¦¬ì_,1.1,19,45,58,64,58,80,80,65,fire,,1,0
6,ë¦¬ì_ëª,1.7,90.5,45,78,104,78,100,159,115,fire,flying,1,0
7,ê¼¬ëê¸,0.5,9,45,44,48,65,43,50,64,water,,1,0
8,´ë_ë¶ê¸,1,22.5,45,59,63,80,58,65,80,water,,1,0
9,ê±°ë_,1.6,85.5,45,79,103,120,78,135,115,water,,1,0
10,ìº__,0.3,2.9,255,45,30,35,45,20,20,bug,,1,0
11,¨ë_ê¸,0.7,9.9,120,50,20,55,30,25,25,bug,,1,0
12,ë²__,1.1,32,45,60,45,50,70,90,80,bug,flying,1,0
13,ë¿_¶©,0.3,3.2,255,40,35,30,50,20,20,bug,poison,1,0
14,±ì¶©,0.6,10,120,45,25,50,35,25,25,bug,poison,1,0
15,_¹¨ë¶,1,29.5,45,65,150,40,145,15,80,bug,poison,1,0
16,êµ¬êµ¬,0.3,1.8,255,40,45,40,56,35,35,normal,flying,1,0
17,¼ì£¤,1.1,30,120,63,60,55,71,50,50,normal,flying,1,0
18,¼ì£¤,1.5,39.5,45,83,80,80,121,135,80,normal,flying,1,0
19,ê¼¬ë_,,,255,30,56,35,72,25,35,normal,dark,1,0
20,__,,,127,75,71,70,77,40,80,normal,dark,1,0
21,ê¹¨ë_ì°,0.3,2,255,40,60,30,70,31,31,normal,flying,1,0
22,ê¹¨ë__¦´ì¡,1.2,38,90,65,90,65,100,61,61,normal,flying,1,0
23,_³´,2,6.9,255,35,60,44,55,40,54,poison,,1,0
24,_³´,3.5,65,90,60,95,69,80,65,79,poison,,1,0
25,¼ì¹´ì¸,0.4,6,190,35,55,40,90,50,50,electric,,1,0
26,¼ì_ì¸,,,75,60,85,50,110,95,85,electric,electric,1,0
27,ëª¨ë__,,,255,50,75,90,40,10,35,ground,ice,1,0
28,ê³_,,,90,75,100,120,65,25,65,ground,ice,1,0
29,__°â,0.4,7,235,55,47,52,41,40,40,poison,,1,0
30,__ë¦¬ë_,0.8,20,120,70,62,67,56,55,55,poison,,1,0
31,__,1.3,60,45,90,92,87,76,75,85,poison,ground,1,0
32,__°â_,0.5,9,235,46,57,40,50,40,40,poison,,1,0
33,__ë¦¬ë_,0.9,19.5,120,61,72,57,65,55,55,poison,,1,0
34,__,1.4,62,45,81,102,77,85,85,75,poison,ground,1,0
35,__,0.6,7.5,150,70,45,48,35,60,65,fairy,,1,0
36,½ì_,1.3,40,25,95,70,73,60,95,90,fairy,,1,0
37,____,,,190,38,41,40,65,50,65,fire,ice,1,0
38,____,,,75,73,67,75,109,81,100,fire,ice,1,0
39,¸ë¦°,0.5,5.5,170,115,45,20,20,45,25,normal,fairy,1,0
40,¸í_ë¦,1,12,50,140,70,45,45,85,50,normal,fairy,1,0
41,ì£¼ë_,0.8,7.5,255,40,45,35,55,30,40,poison,flying,1,0
42,ê³¨ë_,1.6,55,90,75,80,70,90,65,75,poison,flying,1,0
43,__ìµ,0.5,5.4,255,45,50,55,30,75,65,grass,poison,1,0
44,__ê¼,0.8,8.6,120,60,65,70,40,85,75,grass,poison,1,0
45,¼í___,1.2,18.6,45,75,80,85,50,110,90,grass,poison,1,0
46,__,0.3,5.4,190,35,70,55,25,45,55,bug,grass,1,0
47,__¹í_,1,29.5,75,60,95,80,30,60,80,bug,grass,1,0
48,ì½__,1,30,190,60,55,50,45,40,55,bug,poison,1,0
49,__ë¦,1.5,12.5,75,70,65,60,90,90,75,bug,poison,1,0
50,_·¸,,,255,10,55,30,90,35,45,ground,ground,1,0
51,¥í_ë¦¬ì_,,,50,35,100,60,110,50,70,ground,ground,1,0
52,__,,,255,40,35,35,90,50,40,normal,dark,1,0
53,_¥´__,,,90,65,60,60,115,75,65,normal,dark,1,0
54,ê³____,0.8,19.6,190,50,52,48,55,65,50,water,,1,0
55,ê³¨ë_,1.7,76.6,75,80,82,78,85,95,80,water,,1,0
56,ë§__,0.5,28,190,40,80,35,70,35,45,fighting,,1,0
57,±ì_,1,32,75,65,105,60,95,60,70,fighting,,1,0
58,ê°,0.7,19,190,55,70,45,60,70,50,fire,,1,0
59,__,1.9,155,75,90,110,80,95,100,80,fire,,1,0
60,ë°__,0.6,12.4,255,40,50,40,90,40,40,water,,1,0
61,__ì±__,1,20,120,65,65,65,90,50,50,water,,1,0
62,ê°__,1.3,54,45,90,95,95,70,70,90,water,fighting,1,0
63,ìº__,0.9,19.5,200,25,20,15,90,105,55,psychic,,1,0
64,¤ê_,1.3,56.5,100,40,35,30,105,120,70,psychic,,1,0
65,__,1.5,48,50,55,50,65,150,175,105,psychic,,1,0
66,__ëª,0.8,19.5,180,70,80,50,35,35,35,fighting,,1,0
67,ê·¼ì_ëª,1.5,70.5,90,80,100,70,45,50,60,fighting,,1,0
68,ê´´ë_ëª,1.6,130,45,90,130,80,55,65,85,fighting,,1,0
69,ëª¨ë_,0.7,4,255,50,75,35,40,70,30,grass,poison,1,0
70,°ì_,1,6.4,120,65,90,50,55,85,45,grass,poison,1,0
71,°ì_ë³´í_,1.7,15.5,45,80,105,65,70,100,70,grass,poison,1,0
72,__,0.9,45.5,190,40,40,35,70,50,100,water,poison,1,0
73,__ë¦,1.6,55,60,80,70,65,100,80,120,water,poison,1,0
74,ê¼¬ë_,,,255,40,80,100,20,30,30,rock,ground,1,0
75,°êµ¬ë¦,,,120,55,95,115,35,45,45,rock,ground,1,0
76,±êµ¬ë¦,,,45,80,120,130,45,55,65,rock,ground,1,0
77,¬ë_,1,30,190,50,85,55,90,65,65,fire,,1,0
78,__ë§,1.7,95,60,65,100,70,105,80,80,fire,,1,0
79,¼ë_,1.2,36,190,90,65,65,15,40,40,water,psychic,1,0
80,¼ë_,1.6,78.5,75,95,75,180,30,130,80,water,psychic,1,0
81,ì½__,0.3,6,190,25,35,70,45,95,55,electric,steel,1,0
82,__ì½__,1,60,60,50,60,95,70,120,70,electric,steel,1,0
83,__ë¦,0.8,15,45,52,90,55,60,58,62,normal,flying,1,0
84,__,1.4,39.2,190,35,85,45,75,35,35,normal,flying,1,0
85,__ë¦¬ì_,1.8,85.2,45,60,110,70,110,60,60,normal,flying,1,0
86,ì¥¬ì,1.1,90,190,65,45,55,45,45,70,water,,1,0
87,ì¥¬ë_ê³,1.7,120,75,90,70,80,70,70,95,water,ice,1,0
88,ì§__,,,190,80,80,50,25,40,50,poison,poison,1,0
89,ì§__ê¸,,,75,105,105,75,50,65,100,poison,poison,1,0
90,,0.3,4,190,30,65,100,40,45,25,water,,1,0
91,_¥´,1.5,132.5,60,50,95,180,70,85,45,water,ice,1,0
92,ê³__,1.3,0.1,190,30,35,30,80,100,35,ghost,poison,1,0
93,ê³__¤í_,1.6,0.1,90,45,50,45,95,115,55,ghost,poison,1,0
94,¬í,1.5,40.5,45,60,65,80,130,170,95,ghost,poison,1,0
95,ë¡±ì_,8.8,210,45,35,45,160,70,30,45,rock,ground,1,0
96,¬ë¦¬,1,32.4,190,60,48,45,42,43,90,psychic,,1,0
97,¬ë¦¬,1.6,75.6,75,85,73,70,67,73,115,psychic,,1,0
98,¬ë_,0.4,6.5,225,30,105,90,50,25,25,water,,1,0
99,¹í_,1.3,60,60,55,130,115,75,50,50,water,,1,0
100,ì°_¦¬ë¦¬ê³µ,0.5,10.4,190,40,30,50,100,55,55,electric,,1,0
101,ë¶_³¼,1.2,66.6,60,60,50,70,150,80,80,electric,,1,0
102,__ë¦,0.4,2.5,90,60,40,80,40,60,45,grass,psychic,1,0
103,__,,,45,95,105,85,45,125,75,grass,psychic,1,0
104,_µ¬ë¦,0.4,6.5,190,50,50,95,35,40,50,ground,,1,0
105,_µ¬ë¦,,,75,60,80,110,45,50,80,ground,fire,1,0
106,___ª¬,1.5,49.8,45,50,120,53,87,35,110,fighting,,1,0
107,__ëª,1.4,50.2,45,50,105,79,76,35,110,fighting,,1,0
108,´ë£¨ë¯,1.2,65.5,45,90,55,75,30,60,75,normal,,1,0
109,_,0.6,1,190,40,65,95,35,60,45,poison,,1,0
110,__ê°,1.2,9.5,60,65,90,120,60,85,70,poison,,1,0
111,ë¿_¹´,1,115,120,80,85,95,25,30,30,ground,rock,1,0
112,ì½__ë¦,1.9,120,60,105,130,120,40,45,45,ground,rock,1,0
113,_,1.1,34.6,30,250,5,5,50,35,105,normal,,1,0
114,©ì_ë¦,1,35,45,65,55,115,60,100,40,grass,,1,0
115,ìº¥ì¹´,2.2,80,45,105,125,100,100,60,100,normal,,1,0
116,__,0.4,8,225,30,40,70,60,70,25,water,,1,0
117,__,1.2,25,75,55,65,95,85,95,45,water,,1,0
118,ì½__,0.6,15,225,45,67,60,63,35,50,water,,1,0
119,__ì¹,1.3,39,60,80,92,65,68,65,80,water,,1,0
120,ë³_¬ë¦¬,0.8,34.5,225,30,45,55,85,70,55,water,,1,0
121,__¤í,1.1,80,60,60,75,85,115,100,85,water,psychic,1,0
122,ë§__ë§,1.3,54.5,45,40,45,65,90,100,120,psychic,fairy,1,0
123,¤ë_,1.5,56,45,70,110,80,105,55,80,bug,flying,1,0
124,ë£¨ì£¼,1.4,40.6,45,65,50,35,95,115,95,ice,psychic,1,0
125,__ë¸,1.1,30,45,65,83,57,105,95,85,electric,,1,0
126,ë§_·¸ë§,1.3,44.5,45,65,95,57,93,100,85,fire,,1,0
127,__´ì,1.5,55,45,65,155,120,105,65,90,bug,,1,0
128,ì¼_ë¡__,1.4,88.4,45,75,100,95,110,40,70,normal,,1,0
129,__,0.9,10,255,20,10,55,80,15,20,water,,1,0
130,ê°¸ë___,6.5,235,45,95,155,109,81,70,130,water,flying,1,0
131,¼í_¼ì_,2.5,220,45,130,85,80,60,85,95,water,ice,1,0
132,ë©_ëª,0.3,4,35,48,48,48,48,48,48,normal,,1,0
133,´ë_,0.3,6.5,45,55,55,50,55,45,65,normal,,1,0
134,¤ë,1,29,45,130,65,60,65,110,95,water,,1,0
135,ì¥¬í_¬ë_,0.8,24.5,45,65,65,60,130,110,95,electric,,1,0
136,ë¶¤í_,0.9,25,45,65,130,60,65,95,110,fire,,1,0
137,´ë¦¬ê³,0.8,36.5,45,65,60,70,40,85,75,normal,,1,0
138,__´í_,0.4,7.5,45,35,40,100,35,90,55,rock,water,1,0
139,__,1,35,45,70,60,125,55,115,70,rock,water,1,0
140,¬êµ¬,0.5,11.5,45,30,80,90,55,55,45,rock,water,1,0
141,¬êµ¬¸ì_,1.3,40.5,45,60,115,105,80,65,70,rock,water,1,0
142,__,1.8,59,45,80,135,85,150,70,95,rock,flying,1,0
143,__ë³,2.1,460,25,160,110,65,30,65,110,normal,,1,0
144,_¦¬,1.7,55.4,3,90,85,100,85,95,125,ice,flying,1,1
145,¬ë_,1.6,52.6,3,90,90,85,100,125,90,electric,flying,1,1
146,__,2,60,3,90,100,90,90,125,85,fire,flying,1,1
147,ë¯¸ë_,1.8,3.3,45,41,64,45,50,50,50,dragon,,1,0
148,__,4,16.5,45,61,84,65,70,70,70,dragon,,1,0
149,ë§__,2.2,210,45,91,134,95,80,100,100,dragon,flying,1,0
150,ë®¤ì_,2,122,3,106,150,70,140,194,120,psychic,,1,1
151,ë®,0.4,4,45,100,100,100,100,100,100,psychic,,1,1
152,ì¹__ë¦¬í,0.9,6.4,45,45,49,65,45,49,65,grass,,2,0
153,ë²__ë¦¬í_,1.2,15.8,45,60,62,80,60,63,80,grass,,2,0
154,ë©__,1.8,100.5,45,80,82,100,80,83,100,grass,,2,0
155,ë¸_,0.5,7.9,45,39,52,43,65,60,50,fire,,2,0
156,ë§_·¸ì¼,0.9,19,45,58,64,58,80,80,65,fire,,2,0
157,ë¸__´ë_,1.7,79.5,45,78,84,78,100,109,85,fire,,2,0
158,ë¦¬ì_ì½,0.6,9.5,45,50,65,64,43,44,48,water,,2,0
159,_¦¬ê²__,1.1,25,45,65,80,80,58,59,63,water,,2,0
160,¥í_ë¡__,2.3,88.8,45,85,105,100,78,79,83,water,,2,0
161,ê¼¬ë¦¬,0.8,6,255,35,46,34,20,35,45,normal,,2,0
162,¤ê¼¬ë¦,1.8,32.5,90,85,76,64,90,45,55,normal,,2,0
163,ë¶°ë,0.7,21.2,255,60,30,30,50,36,56,normal,flying,2,0
164,¼ë,1.6,40.8,90,100,50,50,70,86,96,normal,flying,2,0
165,__ë°,1,10.8,255,40,20,30,55,40,80,bug,flying,2,0
166,__,1.4,35.6,90,55,35,50,85,55,110,bug,flying,2,0
167,__ê²,0.5,8.5,255,40,60,40,30,40,40,bug,poison,2,0
168,_¦¬__,1.1,33.5,90,70,90,70,40,60,70,bug,poison,2,0
169,¬ë_ë±,1.8,75,90,85,90,80,130,70,80,poison,flying,2,0
170,ì´__ê¸,0.5,12,190,75,38,38,67,56,56,water,electric,2,0
171,__,1.2,22.5,75,125,58,58,67,76,76,water,electric,2,0
172,¼ì_,0.3,2,190,20,40,15,60,35,35,electric,,2,0
173,,0.3,3,150,50,25,28,15,45,55,fairy,,2,0
174,¸í_ë¦,0.3,1,170,90,30,15,15,40,20,normal,fairy,2,0
175,__,0.3,1.5,190,35,20,65,20,40,65,fairy,,2,0
176,__,0.6,3.2,75,55,40,85,40,80,105,fairy,flying,2,0
177,¤ì_,0.2,2,190,40,50,45,70,70,45,psychic,flying,2,0
178,¤ì_°ì_,1.5,15,75,65,75,70,95,95,70,psychic,flying,2,0
179,ë©_¦¬,0.6,7.8,235,55,40,40,35,65,45,electric,,2,0
180,ë³´ì_,0.8,13.3,120,70,55,55,45,80,60,electric,,2,0
181,_£¡,1.4,61.5,45,90,95,105,45,165,110,electric,,2,0
182,_¥´ì½,0.4,5.8,45,75,80,95,50,90,100,grass,,2,0
183,ë§_¦´,0.4,8.5,190,70,20,50,40,20,50,water,fairy,2,0
184,ë§_¦´ë¦,0.8,28.5,75,100,50,80,50,60,80,water,fairy,2,0
185,ê¼¬ìëª,1.2,38,65,70,100,115,30,30,65,rock,,2,0
186,_µ¬ë¦,1.1,33.9,45,90,75,75,70,90,100,water,,2,0
187,µí_ì½,0.4,0.5,255,35,35,40,50,35,55,grass,flying,2,0
188,__,0.6,1,120,55,45,50,80,45,65,grass,flying,2,0
189,__ì½,0.8,3,45,75,55,70,110,55,95,grass,flying,2,0
190,__,0.8,11.5,45,55,70,55,85,40,55,normal,,2,0
191,´ë_ì¸,0.3,1.8,235,30,30,30,30,30,30,grass,,2,0
192,´ë£¨ë¯,0.8,8.5,120,75,75,55,30,105,85,grass,,2,0
193,__ë¦,1.2,38,75,65,65,45,95,75,45,bug,flying,2,0
194,°í_,0.4,8.5,255,55,45,45,15,25,25,water,ground,2,0
195,__,1.4,75,90,95,85,85,35,65,65,water,ground,2,0
196,__,0.9,26.5,45,65,65,60,110,130,95,psychic,,2,0
197,ë¸__,1,27,45,95,65,110,65,60,130,dark,,2,0
198,__,0.5,2.1,30,60,85,42,91,85,42,dark,flying,2,0
199,¼ë_,2,79.5,70,95,75,80,30,100,110,water,psychic,2,0
200,ë¬´ì_ë§,0.7,1,45,60,60,60,85,85,85,ghost,,2,0
201,__,0.5,5,225,48,72,48,48,72,48,psychic,,2,0
202,ë§__,1.3,28.5,45,190,33,58,33,33,58,psychic,,2,0
203,¤ë_,1.5,41.5,60,70,80,65,85,90,65,normal,psychic,2,0
204,¼ì_,0.6,7.2,190,50,65,90,15,35,35,bug,,2,0
205,__,1.2,125.8,75,75,90,140,40,60,60,bug,steel,2,0
206,¸ê_ì¹,1.5,14,190,100,70,70,45,65,65,normal,,2,0
207,ê¸¼ì_ê±,1.1,64.8,60,65,75,105,85,35,65,ground,flying,2,0
208,ê°__,9.2,400,25,75,125,230,30,55,95,steel,ground,2,0
209,ë¸_£¨,0.6,7.8,190,60,80,50,30,40,40,fairy,,2,0
210,ê·¸ë_ë¸_£¨,1.4,48.7,75,90,120,75,45,60,60,fairy,,2,0
211,ì¹¨ë_ë£,0.5,3.9,45,65,95,85,85,55,55,water,poison,2,0
212,«ì_,1.8,118,25,70,150,140,75,65,100,bug,steel,2,0
213,¨ë_ì§,0.6,20.5,190,20,10,230,5,10,230,bug,rock,2,0
214,¤ë_¬ë_,1.5,54,45,80,185,115,75,40,105,bug,fighting,2,0
215,¬í_,0.9,28,60,55,95,55,115,35,75,dark,ice,2,0
216,ê¹_ê³,0.6,8.8,120,60,80,50,40,50,50,normal,,2,0
217,ë§_³°,1.8,125.8,60,90,130,75,55,75,75,normal,,2,0
218,ë§_·¸ë§_·¸,0.7,35,190,40,40,40,20,70,40,fire,,2,0
219,ë§_·¸ì¹´ë¥´ê³,0.8,55,75,60,50,120,30,90,80,fire,rock,2,0
220,ê¾¸ê¾¸ë¦,0.4,6.5,225,50,50,40,50,30,30,ice,ground,2,0
221,ë©_¾¸ë¦,1.1,55.8,75,100,100,80,50,60,60,ice,ground,2,0
222,ì½__,0.6,5,60,65,55,95,35,65,95,water,rock,2,0
223,ì´__,0.6,12,190,35,65,35,65,65,35,water,,2,0
224,¬ë¬´,0.9,28.5,75,75,105,75,45,105,75,water,,2,0
225,_¦¬ë²__,0.9,16,45,45,55,45,75,65,45,ice,flying,2,0
226,ë§_,2.1,220,25,85,40,70,70,80,140,water,flying,2,0
227,ë¬´ì_ì¡,1.7,50.5,25,65,80,140,70,40,70,steel,flying,2,0
228,¸ë_,0.6,10.8,120,45,60,30,65,80,50,dark,fire,2,0
229,¬ê,1.4,35,45,75,90,90,115,140,90,dark,fire,2,0
230,¹ë_,1.8,152,45,75,95,95,85,95,95,water,dragon,2,0
231,ì½__ë¦,0.5,33.5,120,90,60,60,40,40,40,ground,,2,0
232,ì½_¦¬ê°,1.1,120,60,90,120,120,50,60,60,ground,,2,0
233,´ë¦¬ê³2,0.6,32.5,45,85,80,90,60,105,95,normal,,2,0
234,¸ë_,1.4,71.2,45,73,95,62,85,85,65,normal,,2,0
235,ë£¨ë_,1.2,58,45,55,20,35,75,20,45,normal,,2,0
236,ë°°ë£¨,0.7,21,75,35,35,35,35,35,35,fighting,,2,0
237,ì¹´í___,1.4,48,45,50,95,95,70,35,110,fighting,,2,0
238,ë½ë½,0.4,6,45,45,30,15,65,85,65,ice,psychic,2,0
239,__¤ë_,0.6,23.5,45,45,63,37,95,65,55,electric,,2,0
240,ë§_·¸ë¹,0.7,21.4,45,45,75,37,83,70,55,fire,,2,0
241,ë°±í_,1.2,75.5,45,95,80,105,100,40,70,normal,,2,0
242,´í___,1.5,46.8,30,255,10,10,55,75,135,normal,,2,0
243,¼ì_ì½,1.9,178,3,90,85,75,115,115,100,electric,,2,1
244,¤í_,2.1,198,3,115,115,85,100,90,75,fire,,2,1
245,¤ì_ì¿,2,187,3,100,75,115,85,90,115,water,,2,1
246,__¼ì_,0.6,72,45,50,64,50,41,45,50,rock,ground,2,0
247,°ê¸°¼ì_,1.2,152,45,70,84,70,51,65,70,rock,ground,2,0
248,ë§_¸°¼ì_,2,202,45,100,164,150,71,95,120,rock,dark,2,0
249,ë£¨ê¸°,5.2,216,3,106,90,130,110,90,154,psychic,flying,2,1
250,ì¹__ì¡,3.8,199,3,106,130,90,90,110,154,fire,flying,2,1
251,¸ë_ë¹,0.6,5,45,100,100,100,100,100,100,psychic,grass,2,1
252,_¬´ì§ê¸,0.5,5,45,40,45,35,70,65,55,grass,,3,0
253,_¬´__,0.9,21.6,45,50,65,45,95,85,65,grass,,3,0
254,_¬´,1.7,52.2,45,70,110,75,145,145,85,grass,,3,0
255,_°¨ëª,0.4,2.5,45,45,60,40,45,70,50,fire,,3,0
256,__ì½,0.9,19.5,45,60,85,60,55,85,60,fire,fighting,3,0
257,ë²__ì½,1.9,52,45,80,160,80,100,130,80,fire,fighting,3,0
258,ë¬¼ì§±,0.4,7.6,45,50,70,50,40,50,50,water,,3,0
259,ªì§±,0.7,28,45,70,85,70,50,60,70,water,ground,3,0
260,ì§±ì_,1.5,81.9,45,100,150,110,70,95,110,water,ground,3,0
261,¬ì_,0.5,13.6,255,35,55,35,35,30,30,dark,,3,0
262,ê·¸ë___,1,37,127,70,90,70,70,60,60,dark,,3,0
263,ì§ê·¸ì_êµ¬ë¦¬,0.4,17.5,255,38,30,41,60,30,41,normal,,3,0
264,ì§_µ¬ë¦,0.5,32.5,90,78,70,61,100,50,61,normal,,3,0
265,ê°_¬´,0.3,3.6,255,45,45,35,20,20,30,bug,,3,0
266,¤ì¿¤,0.6,10,120,50,35,55,15,25,25,bug,,3,0
267,ë·°í___,1,28.4,45,60,70,50,65,100,50,bug,flying,3,0
268,ì¹´ì_ì¿,0.7,11.5,120,50,35,55,15,25,25,bug,,3,0
269,_,1.2,31.6,45,60,50,70,65,50,90,bug,poison,3,0
270,°ê_ëª,0.5,2.6,255,40,30,30,30,40,50,water,grass,3,0
271,ë¡__,1.2,32.5,120,60,50,50,50,60,70,water,grass,3,0
272,ë¡__,1.5,55,45,80,70,70,70,90,100,water,grass,3,0
273,__ë§,0.5,4,255,40,40,50,30,30,30,grass,,3,0
274,__ì½,1,28,120,70,70,40,60,60,40,grass,dark,3,0
275,¤í_êµ,1.3,59.6,45,90,100,60,80,90,60,grass,dark,3,0
276,__ë¡,0.3,2.3,200,40,55,30,85,30,30,normal,flying,3,0
277,¤ì_ë¡,0.7,19.8,45,60,85,60,125,75,50,normal,flying,3,0
278,ê°_ª¨ë§,0.6,9.5,190,40,30,30,85,55,30,water,flying,3,0
279,¨ë¦¬,1.2,28,45,60,50,100,65,95,70,water,flying,3,0
280,__,0.4,6.6,235,28,25,25,40,45,35,psychic,fairy,3,0
281,¬ë¦¬,0.8,20.2,120,38,35,35,50,65,55,psychic,fairy,3,0
282,ê°__,1.6,48.4,45,68,85,65,100,165,135,psychic,fairy,3,0
283,ë¹_µ¬,0.5,1.7,200,40,30,32,65,50,52,bug,water,3,0
284,ë¹__ë°,0.8,3.6,75,70,60,62,80,100,82,bug,flying,3,0
285,ë²__ê¼,0.4,4.5,255,60,40,60,35,40,60,grass,,3,0
286,ë²__ëª,1.2,39.2,90,60,130,80,70,60,60,grass,fighting,3,0
287,ê²__ë¡,0.8,24,255,60,60,60,30,35,35,normal,,3,0
288,ë°__ë¡,1.4,46.5,120,80,80,80,90,55,55,normal,,3,0
289,ê²__,2,130.5,45,150,160,100,100,95,65,normal,,3,0
290,__ëª,0.5,5.5,255,31,45,90,40,30,30,bug,ground,3,0
291,__¤í_,0.8,12,120,61,90,45,160,50,50,bug,flying,3,0
292,ê»__ëª,0.8,1.2,45,1,90,45,40,30,30,bug,ghost,3,0
293,_³¤ë£,0.6,16.3,190,64,51,23,28,51,23,normal,,3,0
294,¸ê³µë£,1,40.5,120,84,71,43,48,71,43,normal,,3,0
295,_ë£,1.5,84,45,104,91,63,68,91,73,normal,,3,0
296,ë§__,1,86.4,180,72,60,30,25,20,30,fighting,,3,0
297,_¦¬ë­,2.3,253.8,200,144,120,60,50,40,60,fighting,,3,0
298,ë£¨ë¦¬ë¦,0.2,2,150,50,20,40,20,20,40,normal,fairy,3,0
299,ì½____,1,97,255,30,45,135,30,45,90,rock,,3,0
300,__ë¹,0.6,11,255,50,45,45,50,35,35,normal,,3,0
301,¸ì,1.1,32.6,60,70,65,65,90,55,55,normal,,3,0
302,ê¹__ë¯,0.5,11,45,50,85,125,20,85,115,dark,ghost,3,0
303,__,0.6,11.5,45,50,105,125,50,55,95,steel,fairy,3,0
304,ê°ë³´ë¦¬,0.4,60,180,50,70,100,30,40,40,steel,rock,3,0
305,ê°±ë_,0.9,120,90,60,90,140,40,50,50,steel,rock,3,0
306,ë³´ì_ë¡__,2.1,360,45,70,140,230,50,60,80,steel,rock,3,0
307,_,0.6,11.2,180,30,40,55,60,40,55,fighting,psychic,3,0
308,_,1.3,31.5,90,60,100,85,100,80,85,fighting,psychic,3,0
309,¬ë_¼ì_,0.6,15.2,120,40,45,40,65,65,40,electric,,3,0
310,¬ë_ë³¼í_,1.5,40.2,45,70,75,80,135,135,80,electric,,3,0
311,__,0.4,4.2,200,60,50,40,95,85,75,electric,,3,0
312,ë§__,0.4,4.2,200,60,40,50,95,75,85,electric,,3,0
313,ë³¼ë_,0.7,17.7,150,65,73,75,85,47,85,bug,,3,0
314,¤ì_ë¹__,0.6,17.7,150,65,47,75,85,73,85,bug,,3,0
315,ë¡__ë¦¬ì_,0.3,2,150,50,60,45,65,100,80,grass,poison,3,0
316,ê¼´ê_ëª,0.4,10.3,225,70,43,53,40,43,53,poison,,3,0
317,ê¿êº½ëª¬,1.7,80,75,100,73,83,55,73,83,poison,,3,0
318,¤í___,0.8,20.8,225,45,90,20,65,65,20,water,dark,3,0
319,¤í___,1.8,88.8,60,70,140,70,105,110,65,water,dark,3,0
320,ê³____,2,130,125,130,70,35,60,70,35,water,,3,0
321,ê³__,14.5,398,60,170,90,45,60,90,45,water,,3,0
322,_,0.7,24,255,60,60,40,35,65,45,fire,ground,3,0
323,,1.9,220,150,70,120,100,20,145,105,fire,ground,3,0
324,ì½__,0.5,80.4,90,70,85,140,20,85,70,fire,,3,0
325,¼ê·¸__,0.7,30.6,255,60,25,35,60,70,80,psychic,,3,0
326,¼ê·¸,0.9,71.5,60,80,45,65,80,90,110,psychic,,3,0
327,¼ë£¨ê¸,1.1,5,255,60,60,60,60,60,60,normal,,3,0
328,±ì_,0.7,15,255,45,100,45,10,45,45,ground,,3,0
329,ë¹__¼ë_,1.1,15.3,120,50,70,50,70,50,50,ground,dragon,3,0
330,__´ê³¤,2,82,45,80,100,80,100,80,80,ground,dragon,3,0
331,__,0.4,51.3,190,50,85,40,35,85,40,grass,,3,0
332,ë°¤ì_,1.3,77.4,60,70,115,60,55,115,60,grass,dark,3,0
333,__ì½,0.4,1.2,255,45,40,60,50,40,75,normal,flying,3,0
334,__ì½_¦¬,1.1,20.6,45,75,110,110,80,110,105,dragon,flying,3,0
335,__,1.3,40.3,90,73,115,60,90,60,60,normal,,3,0
336,¸ë_,2.7,52.5,90,73,100,60,65,100,60,poison,,3,0
337,ë£¨ë_,1,168,45,90,55,65,70,95,85,rock,psychic,3,0
338,__,1.2,154,45,90,95,85,70,55,65,rock,psychic,3,0
339,ë¯¸ê¾¸ë¦,0.4,1.9,190,50,48,43,60,46,41,water,ground,3,0
340,ë©__,0.9,23.6,75,110,78,73,60,76,71,water,ground,3,0
341,ê°¬êµ°,0.6,11.5,205,43,80,65,35,50,35,water,,3,0
342,ê°¬ì_êµ,1.1,32.8,155,63,120,85,55,90,55,water,dark,3,0
343,¤ë_êµ,0.5,21.5,255,40,40,55,55,40,70,ground,psychic,3,0
344,___¦¬,1.5,108,90,60,70,105,75,70,120,ground,psychic,3,0
345,ë¦´ë_,1,23.8,45,66,41,77,23,61,87,rock,grass,3,0
346,ë¦´ë¦¬,1.5,60.4,45,86,81,97,43,81,107,rock,grass,3,0
347,__¥ì_,0.7,12.5,45,45,95,50,75,40,50,rock,bug,3,0
348,__,1.5,68.2,45,75,125,100,45,70,80,rock,bug,3,0
349,ë¹__,0.6,7.4,255,20,15,20,80,10,55,water,,3,0
350,ë°ë¡__,6.2,162,60,95,60,79,81,100,125,water,,3,0
351,ìº__,0.3,0.8,45,70,70,70,70,70,70,normal,,3,0
352,ì¼_¦¬ëª,1,22,200,60,90,70,40,60,120,normal,,3,0
353,´ë_,0.6,2.3,225,44,75,35,45,63,33,ghost,,3,0
354,¤í_,1.1,12.5,45,64,165,75,75,93,83,ghost,,3,0
355,´ê³¨ëª,0.8,15,190,20,40,90,25,30,90,ghost,,3,0
356,ë¯¸ë_ëª,1.6,30.6,90,40,70,130,25,60,130,ghost,,3,0
357,¸ë_¼ì_,2,100,200,99,68,83,51,72,87,grass,flying,3,0
358,ì¹__,0.6,1,45,75,50,80,65,95,90,psychic,,3,0
359,±ì_,1.2,47,30,65,150,60,115,115,60,dark,,3,0
360,ë§__,0.6,14,125,95,23,48,23,23,48,psychic,,3,0
361,_¼¬ë§,0.7,16.8,190,50,50,50,50,50,50,ice,,3,0
362,¼ì_ê·,1.5,256.5,75,80,120,80,100,120,80,ice,,3,0
363,êµ´ë_,0.8,39.5,255,70,40,50,25,55,50,ice,water,3,0
364,¨ë_,1.1,87.6,120,90,60,70,45,75,70,ice,water,3,0
365,¨ì¹´´ì,1.4,150.6,45,110,80,90,65,95,90,ice,water,3,0
366,ì§_£¼ëª,0.4,52.5,255,35,64,85,32,74,55,water,,3,0
367,__,1.7,27,60,55,104,105,52,94,75,water,,3,0
368,ë¶__¥ì_,1.8,22.6,60,55,84,105,52,114,75,water,,3,0
369,__ì¹,1,23.4,25,100,90,130,55,45,65,water,rock,3,0
370,¬ë___,0.6,8.7,225,43,30,55,97,40,65,water,,3,0
371,_³µ,0.6,42.1,45,45,75,60,50,40,30,dragon,,3,0
372,_³¤,1.1,110.5,45,65,95,100,50,60,50,dragon,,3,0
373,ë³´ë_,1.5,102.6,45,95,145,130,120,120,90,dragon,flying,3,0
374,ë©__,0.6,95.2,3,40,55,80,30,35,60,steel,psychic,3,0
375,ë©__êµ,1.2,202.5,3,60,75,100,50,55,80,steel,psychic,3,0
376,ë©_ê·¸ë_,1.6,550,3,80,145,150,110,105,110,steel,psychic,3,0
377,_,1.7,230,3,80,100,200,50,50,100,rock,,3,1
378,___,1.8,175,3,80,50,100,50,100,200,ice,,3,1
379,_¤í_,1.9,205,3,80,75,150,50,75,150,steel,,3,1
380,¼í___,1.4,40,3,80,100,120,110,140,150,dragon,psychic,3,1
381,¼í_¤ì_,2,60,3,80,130,100,110,160,120,dragon,psychic,3,1
382,ê°´ì_ê°,4.5,352,3,100,150,90,90,180,160,water,,3,1
383,ê·¸ë,3.5,950,3,100,180,160,90,150,90,ground,,3,1
384,__,7,206.5,45,105,180,100,115,180,100,dragon,flying,3,1
385,ì§¼ì_,0.3,1.1,3,100,100,100,100,100,100,steel,psychic,3,1
386,__¤ì_,1.7,60.8,3,50,95,90,180,95,90,psychic,,3,1
387,ëª¨ëê¸,0.4,10.2,45,55,68,64,31,45,55,grass,,4,0
388,_ë¶ê¸,1.1,97,45,75,89,85,36,55,65,grass,,4,0
389,_ë¶ê¸,2.2,310,45,95,109,105,56,75,85,grass,ground,4,0
390,ë¶___,0.5,6.2,45,44,58,44,61,58,44,fire,,4,0
391,___,0.9,22,45,64,78,52,81,78,52,fire,fighting,4,0
392,ì´__ëª,1.2,55,45,76,104,71,108,104,71,fire,fighting,4,0
393,½ë_ë¦,0.4,5.2,45,53,51,53,40,61,56,water,,4,0
394,½í_,0.8,23,45,64,66,68,50,81,76,water,,4,0
395,__ë¥´í_,1.7,84.5,45,84,86,88,60,111,101,water,steel,4,0
396,ì°_¥´ê¼,0.3,2,255,40,55,30,60,30,30,normal,flying,4,0
397,ì°_¥´ë²__,0.6,15.5,120,55,75,50,80,40,40,normal,flying,4,0
398,ì°_¥´¸í_,1.2,24.9,45,85,120,70,100,50,60,normal,flying,4,0
399,ë¹__,0.5,20,255,59,45,40,31,35,40,normal,,4,0
400,ë¹__,1,31.5,127,79,85,60,71,55,60,normal,water,4,0
401,ê·¤ë_ê¸,0.3,2.2,255,37,25,41,25,25,41,bug,,4,0
402,ê·¤í_,1,25.5,45,77,85,51,65,55,51,bug,,4,0
403,ê¼¬ë_,0.5,9.5,235,45,65,34,45,40,34,electric,,4,0
404,_,0.9,30.5,120,60,85,49,60,60,49,electric,,4,0
405,__,1.4,42,45,80,120,79,70,95,79,electric,,4,0
406,ê¼¬ëª½,0.2,1.2,255,40,30,35,55,50,70,grass,poison,4,0
407,ë¡____,0.9,14.5,75,60,70,65,90,125,105,grass,poison,4,0
408,____,0.9,31.5,45,67,125,40,58,30,30,rock,,4,0
409,¨í_,1.6,102.5,45,97,165,60,58,65,50,rock,,4,0
410,ë°©í_±ì_,0.5,57,45,30,42,118,30,42,88,rock,steel,4,0
411,ë°_¦¬±ì_,1.3,149.5,45,60,52,168,30,47,138,rock,steel,4,0
412,_¡±ì¶©ì_,0.2,3.4,120,40,29,45,36,29,45,bug,,4,0
413,_¡±ë§__,0.5,6.5,45,60,69,95,36,69,95,bug,grass,4,0
414,__,0.9,23.3,45,70,94,50,66,94,50,bug,flying,4,0
415,¸êë²_¦¬,0.3,5.5,120,30,30,42,70,30,42,bug,flying,4,0
416,ë¹_,1.2,38.5,45,70,80,102,40,80,102,bug,flying,4,0
417,__ë¦¬ì_,0.4,3.9,200,60,45,70,95,45,90,electric,,4,0
418,ë¸__,0.7,29.5,190,55,65,35,85,60,30,water,,4,0
419,__,1.1,33.5,75,85,105,55,115,85,50,water,,4,0
420,ì²´ë¦¬ë²,0.4,3.3,190,45,35,45,35,62,53,grass,,4,0
421,ì²´ë¦¬ê¼,0.5,9.3,75,70,60,70,85,87,78,grass,,4,0
422,ê¹__ë¬,0.3,6.3,190,76,48,48,34,57,62,water,,4,0
423,¸ë¦¬__,0.9,29.9,75,111,83,68,39,92,82,water,ground,4,0
424,ê²__ë³´ì_,1.2,20.3,45,75,100,66,115,60,66,normal,,4,0
425,____,0.4,1.2,125,90,50,34,70,60,44,ghost,flying,4,0
426,¥ì_¼ì_,1.2,15,60,150,80,44,80,90,54,ghost,flying,4,0
427,´ì_ë¡,0.4,5.5,190,55,66,44,85,44,56,normal,,4,0
428,´ì_ë¡,1.2,33.3,60,65,136,94,135,54,96,normal,,4,0
429,ë¬´ì_ë§__,0.9,4.4,45,60,60,60,105,105,105,ghost,,4,0
430,__ë¡__,0.9,27.3,30,100,125,52,71,105,52,dark,flying,4,0
431,__ë§,0.5,3.9,190,49,55,42,85,42,37,normal,,4,0
432,ëª¬ë_,1,43.8,75,71,82,64,112,64,59,normal,,4,0
433,__,0.2,0.6,120,45,30,50,45,65,50,psychic,,4,0
434,¤ì»¹ë¿,0.4,19.2,225,63,63,47,74,41,41,poison,dark,4,0
435,¤ì»¹±í_,1,38,60,103,93,67,84,71,61,poison,dark,4,0
436,_,0.5,60.5,255,57,24,86,23,24,86,steel,psychic,4,0
437,__êµ,1.3,187,90,67,89,116,33,79,116,steel,psychic,4,0
438,ê¼¬ìì§,0.5,15,255,50,80,95,10,10,45,rock,,4,0
439,__,0.6,13,145,20,25,45,60,70,90,psychic,fairy,4,0
440,_³µ,0.6,24.4,130,100,5,5,30,15,65,normal,,4,0
441,__,0.5,1.9,30,76,65,45,91,92,42,normal,flying,4,0
442,__,1,108,100,50,92,108,35,92,108,ghost,dark,4,0
443,¥ì_´ë_,0.7,20.5,45,58,70,45,42,40,45,dragon,ground,4,0
444,__´í_,1.4,56,45,68,90,65,82,50,55,dragon,ground,4,0
445,_¹´ë¦¬ì_,1.9,95,45,108,170,115,92,120,95,dragon,ground,4,0
446,ë¨¹ê_,0.6,105,50,135,85,40,5,40,85,normal,,4,0
447,ë¦¬ì_ë¥,0.7,20.2,75,40,70,40,60,35,40,fighting,,4,0
448,ë£¨ì¹´ë¦¬ì_,1.2,54,45,70,145,88,112,140,70,fighting,steel,4,0
449,__¬í,0.8,49.5,140,68,72,78,32,38,42,ground,,4,0
450,__,2,300,60,108,112,118,47,68,72,ground,,4,0
451,¤ì_,0.8,12,120,40,50,90,65,30,55,poison,bug,4,0
452,__¼ì_,1.3,61.5,45,70,90,110,95,60,75,poison,dark,4,0
453,__êµ¬ë¦¬,0.7,23,140,48,61,40,50,61,40,poison,fighting,4,0
454,__êµ,1.3,44.4,75,83,106,65,85,86,65,poison,fighting,4,0
455,ë¬´ì___,1.4,27,200,74,100,72,46,90,72,grass,,4,0
456,__,0.4,7,190,49,49,56,66,49,61,water,,4,0
457,¤ì_¼ì_,1.2,24,75,69,69,76,91,69,86,water,,4,0
458,ë§_,1,65,25,45,20,50,50,60,120,water,flying,4,0
459,__ê°,1,50.5,120,60,62,50,40,62,60,grass,ice,4,0
460,__,2.2,135.5,60,90,132,105,30,132,105,grass,ice,4,0
461,¬í___,1.1,34,45,70,120,65,125,45,85,dark,ice,4,0
462,__ì½__,1.2,180,30,70,70,115,60,130,90,electric,steel,4,0
463,´ë£¸ë²¨í_,1.7,140,30,110,85,95,50,80,95,normal,,4,0
464,ê±°ëì½__ë¦,2.4,282.8,30,115,140,130,40,55,55,ground,rock,4,0
465,©ì_ë¦¼ë³´,2,128.6,30,100,100,125,50,110,50,grass,,4,0
466,__¤ë_,1.8,138.6,30,75,123,67,95,95,85,electric,,4,0
467,ë§_·¸ë§__,1.6,68,30,75,95,67,83,125,95,fire,,4,0
468,__¤ì_,1.5,38,30,85,50,95,80,120,115,fairy,flying,4,0
469,ë©__¦¬,1.9,51.5,30,86,76,86,95,116,56,bug,flying,4,0
470,ë¦¬í_,1,25.5,45,65,110,130,95,60,65,grass,,4,0
471,ê¸____,0.8,25.9,45,65,60,110,65,130,95,ice,,4,0
472,ê¸¼ì_,2,42.5,30,75,95,125,95,45,75,ground,flying,4,0
473,ë§_ª¨ê¾¸ë¦¬,2.5,291,50,110,130,80,80,70,60,ice,ground,4,0
474,´ë¦¬ê³_,0.9,34,30,85,80,70,90,135,75,normal,,4,0
475,__´ë_,1.6,52,45,68,165,95,110,65,115,psychic,fighting,4,0
476,ì½__,1.4,340,60,60,55,145,40,75,150,rock,steel,4,0
477,¼ë_ë¥´ëª½,2.2,106.6,45,45,100,135,45,65,135,ghost,,4,0
478,__,1.3,26.6,75,70,80,70,110,80,70,ice,ghost,4,0
479,ë¡__ë¬,0.3,0.3,45,50,65,107,86,105,107,electric,ghost,4,0
480,__,0.3,0.3,3,75,75,130,95,75,130,psychic,,4,1
481,__´í_,0.3,0.3,3,80,105,105,80,105,105,psychic,,4,1
482,_·¸,0.3,0.3,3,75,125,70,115,125,70,psychic,,4,1
483,__ë£¨ê,5.4,683,3,100,120,120,90,150,100,steel,dragon,4,1
484,_¸°,4.2,336,3,90,120,100,100,150,120,water,dragon,4,1
485,__,1.7,430,3,91,90,106,77,130,106,fire,steel,4,1
486,_ê¸°ê,3.7,420,3,110,160,110,100,80,110,normal,,4,1
487,ê¸°ë_°ë_,4.5,750,3,150,120,100,90,120,100,ghost,dragon,4,1
488,¬ë_¸ë¦¬,1.5,85.6,3,120,70,120,85,75,130,psychic,,4,1
489,¼ì_,0.4,3.1,30,80,80,80,80,80,80,water,,4,0
490,ë§__,0.3,1.4,3,100,100,100,100,100,100,water,,4,1
491,¤í_¼ì_,1.5,50.5,3,70,90,90,125,135,90,dark,,4,1
492,__ë¯,0.2,2.1,45,100,103,75,127,120,75,grass,grass,4,1
493,_¥´¸ì_,3.2,320,3,120,120,120,120,120,120,normal,,4,1
494,ë¹__°ë_,0.4,4,3,100,100,100,100,100,100,psychic,fire,5,1
495,ì£¼ë¦¬ë¹_,0.6,8.1,45,45,45,55,63,45,55,grass,,5,0
496,¤ë_,0.8,16,45,60,60,75,83,60,75,grass,,5,0
497,¤ë_,3.3,63,45,75,75,95,113,75,95,grass,,5,0
498,_¾¸ë¦,0.5,9.9,45,65,63,45,45,45,45,fire,,5,0
499,ì±__ê¿,1,55.5,45,90,93,55,55,70,55,fire,fighting,5,0
500,¼ë¬´,1.6,150,45,110,123,65,65,100,65,fire,fighting,5,0
501,__,0.5,5.9,45,55,55,45,45,63,45,water,,5,0
502,___,0.8,24.5,45,75,75,60,60,83,60,water,,5,0
503,ê²ê·,1.5,94.6,45,95,100,85,70,108,70,water,,5,0
504,ë³´ë¥´ì¥,0.5,11.6,255,45,55,39,42,35,39,normal,,5,0
505,ë³´ë¥´ê·,1.1,27,255,60,85,69,77,60,69,normal,,5,0
506,__ë¦,0.4,4.1,255,45,60,45,55,25,45,normal,,5,0
507,__ë¦¬ì_,0.9,14.7,120,65,80,65,60,35,65,normal,,5,0
508,ë°__,1.2,61,45,85,110,90,80,45,90,normal,,5,0
509,__,0.4,10.1,255,41,50,37,66,50,37,dark,,5,0
510,__ë¥´ë_,1.1,37.5,90,64,88,50,106,88,50,dark,,5,0
511,¼ë_,0.6,10.5,190,50,53,48,64,53,48,grass,,5,0
512,¼ë_,1.1,30.5,75,75,98,63,101,98,63,grass,,5,0
513,ë°__,0.6,11,190,50,53,48,64,53,48,fire,,5,0
514,ë°__,1,28,75,75,98,63,101,98,63,fire,,5,0
515,_°¨,0.6,13.5,190,50,53,48,64,53,48,water,,5,0
516,_°¨,1,29,75,75,98,63,101,98,63,water,,5,0
517,ëª½ë_,0.6,23.3,190,76,25,45,24,67,55,psychic,,5,0
518,ëª½ì_,1.1,60.5,75,116,55,85,29,107,95,psychic,,5,0
519,ì½©ë_ê¸,0.3,2.1,255,50,55,50,43,36,30,normal,flying,5,0
520,__ë¸,0.6,15,120,62,77,62,65,50,42,normal,flying,5,0
521,ì¼__ë¡__,1.2,29,45,80,115,80,93,65,55,normal,flying,5,0
522,ì¤_ë§,0.8,29.8,190,45,60,32,76,50,32,electric,,5,0
523,__¼ì_ì¹,1.6,79.5,75,75,100,63,116,80,63,electric,,5,0
524,¨êµ´,0.4,18,255,55,75,85,15,25,25,rock,,5,0
525,__ë¥,0.9,102,120,70,105,105,20,50,40,rock,,5,0
526,ê¸°ê´ì_,1.7,260,45,85,135,130,25,60,80,rock,,5,0
527,_¥´ë°__,0.4,2.1,190,65,45,43,72,55,43,psychic,flying,5,0
528,ë§__ì¥,0.9,10.5,45,67,57,55,114,77,55,psychic,flying,5,0
529,__ë¥,0.3,8.5,120,60,85,40,68,30,45,ground,,5,0
530,ëª°ë_ë¥,0.7,40.4,60,110,135,60,88,50,65,ground,steel,5,0
531,¤ë,1.1,31,255,103,60,126,50,80,126,normal,,5,0
532,¼ë_ì°,0.6,12.5,180,75,80,55,35,25,35,fighting,,5,0
533,__ê³,1.2,40,90,85,105,85,40,40,50,fighting,,5,0
534,¸ë³´ì²,1.4,87,45,105,140,95,45,55,65,fighting,,5,0
535,__,0.5,4.5,255,50,50,40,64,50,40,water,,5,0
536,__ë¹,0.8,17,120,75,65,55,69,65,55,water,ground,5,0
537,__êµ,1.5,62,45,105,95,75,74,85,75,water,ground,5,0
538,_ë¯,1.3,55.5,45,120,100,85,45,30,85,fighting,,5,0
539,ê²©ê,1.4,51,45,75,125,75,85,30,75,fighting,,5,0
540,_¥´ë³,0.3,2.5,255,45,53,70,42,40,60,bug,grass,5,0
541,_¥´ì¿,0.5,7.3,120,55,63,90,42,50,80,bug,grass,5,0
542,ëª¨ì_ë¨,1.2,20.5,45,75,103,80,92,70,80,bug,grass,5,0
543,ë§__,0.4,5.3,255,30,45,59,57,30,39,bug,poison,5,0
544,_µ¬,1.2,58.5,120,40,55,99,47,40,79,bug,poison,5,0
545,__,2.5,200.5,45,60,100,89,112,55,69,bug,poison,5,0
546,_,0.3,0.6,190,40,27,60,66,37,50,grass,fairy,5,0
547,__,0.7,6.6,75,60,67,85,116,77,75,grass,fairy,5,0
548,ì¹_¦´ë¦,0.5,6.6,190,45,35,50,30,70,50,grass,,5,0
549,____,1.1,16.3,75,70,60,75,90,110,75,grass,,5,0
550,ë°°ì___,1,18,25,70,92,65,98,80,55,water,,5,0
551,ê¹__,0.7,15.2,180,50,72,35,65,35,35,ground,dark,5,0
552,__ë¥,1,33.4,90,60,82,45,74,45,45,ground,dark,5,0
553,___¥´,1.5,96.3,45,95,117,80,92,65,70,ground,dark,5,0
554,¬ë_,0.6,37.5,120,70,90,45,50,15,45,fire,,5,0
555,ë¶__¬ë_,1.3,92.9,60,105,30,105,55,140,105,fire,fire,5,0
556,ë§__ì¹´ì_,1,28,255,75,86,67,60,106,67,grass,,5,0
557,__,0.3,14.5,190,50,65,85,55,35,35,bug,rock,5,0
558,__ë¦¬ì_,1.4,200,75,70,105,125,45,65,75,bug,rock,5,0
559,ê³¤ì_,0.6,11.8,180,50,75,70,48,35,70,dark,fighting,5,0
560,ê³¤ì_ê±°ë_,1.1,30,90,65,90,115,58,45,115,dark,fighting,5,0
561,¬ë³´,1.4,14,45,72,58,80,97,103,80,psychic,flying,5,0
562,°ì_ë§__,0.5,1.5,190,38,30,85,30,55,65,ghost,,5,0
563,°ì__¹¸,1.7,76.5,90,58,50,145,30,95,105,ghost,,5,0
564,___,0.7,16.5,45,54,78,103,22,53,45,water,rock,5,0
565,_³¨,1.2,81,45,74,108,133,32,83,65,water,rock,5,0
566,__,0.5,9.5,45,55,112,45,70,74,45,rock,flying,5,0
567,_¤ì_,1.4,32,45,75,140,65,110,112,65,rock,flying,5,0
568,ê¹¨ë_,0.6,31,190,50,50,62,65,40,62,poison,,5,0
569,__¸ë_,1.9,107.3,60,80,95,82,75,60,82,poison,,5,0
570,ì¡°ë_,0.7,12.5,75,40,65,40,65,80,40,dark,,5,0
571,ì¡°ë___,1.6,81.1,45,60,105,60,105,120,60,dark,,5,0
572,ì¹__ë¯,0.4,5.8,255,55,50,40,75,40,40,normal,,5,0
573,ì¹__ì¹__,0.5,7.5,60,75,95,60,115,65,60,normal,,5,0
574,ê³__,0.4,5.8,200,45,30,50,45,55,65,psychic,,5,0
575,ê³__ë³´ë,0.7,18,100,60,45,70,55,75,85,psychic,,5,0
576,ê³__ëª¨ì_,1.5,44,50,70,55,95,65,95,110,psychic,,5,0
577,__,0.3,1,200,45,30,40,20,105,50,psychic,,5,0
578,,0.6,8,100,65,40,50,30,125,60,psychic,,5,0
579,ì¿¨ë£¨,1,20.1,50,110,65,75,30,125,85,psychic,,5,0
580,ê¼¬ìë³´ë¦¬,0.5,5.5,190,62,44,50,55,44,50,water,flying,5,0
581,¤ì_,1.3,24.2,45,75,87,63,98,87,63,water,flying,5,0
582,ë°____,0.4,5.7,255,36,50,50,44,65,60,ice,,5,0
583,ë°__ë¦¬ì_,1.1,41,120,51,65,65,59,80,75,ice,,5,0
584,ë°°ë___,1.3,57.5,45,71,95,85,79,110,95,ice,,5,0
585,¬ì_ë¡,0.6,19.5,190,60,60,50,75,40,50,normal,grass,5,0
586,ë°__ì²__,1.9,92.5,75,80,100,70,95,60,70,normal,grass,5,0
587,_ª½ê°,0.4,5,200,55,75,60,103,75,60,electric,flying,5,0
588,±ì_ê³,0.5,5.9,200,50,75,45,60,40,45,bug,,5,0
589,__ë¥´ê_,1,33,75,70,135,105,20,60,105,bug,steel,5,0
590,ê¹_ë²__,0.2,1,190,69,55,45,15,55,55,grass,poison,5,0
591,ë½ë¡__,0.6,10.5,75,114,85,70,30,85,80,grass,poison,5,0
592,±ê·¸ë¦,1.2,33,190,55,40,50,40,65,85,water,ghost,5,0
593,±í_ê²,2.2,135,60,100,60,70,60,85,105,water,ghost,5,0
594,ë§_³µì¹,1.2,31.6,75,165,75,80,65,40,45,water,,5,0
595,_ª¼,0.1,0.6,190,50,47,50,65,57,50,bug,electric,5,0
596,__,0.8,14.3,75,70,77,60,108,97,60,bug,electric,5,0
597,ì²__,0.6,18.8,255,44,50,91,10,24,86,grass,steel,5,0
598,__,1,110,90,74,94,131,20,54,116,grass,steel,5,0
599,ê¸°ì_ë¥,0.3,21,130,40,55,70,30,45,60,steel,,5,0
600,ê¸°ê¸°´ë¥´,0.6,51,60,60,80,95,50,70,85,steel,,5,0
601,ê¸°ê¸°ê¸°ì_ë¥,0.6,81,30,60,100,115,90,70,85,steel,,5,0
602,ë¦¬ì_,0.2,0.3,190,35,55,40,60,45,40,electric,,5,0
603,ë¦¬ë¦´,1.2,22,60,65,85,70,40,75,70,electric,,5,0
604,ë¦¬ë_,2.1,80.5,30,85,115,80,50,105,80,electric,,5,0
605,ë¦¬ê·¸,0.5,9,255,55,55,55,30,85,55,psychic,,5,0
606,ë²°í_,1,34.5,90,75,75,75,40,125,95,psychic,,5,0
607,ë¶__ë¯,0.3,3.1,190,50,30,55,20,65,55,ghost,fire,5,0
608,¨í_,0.6,13,90,60,40,60,55,95,60,ghost,fire,5,0
609,¹ë_,1,34.3,45,60,55,90,80,145,90,ghost,fire,5,0
610,°ê,0.6,18,75,46,87,60,57,30,40,dragon,,5,0
611,¡ì_,1,36,60,66,117,70,67,40,50,dragon,,5,0
612,¡ì_¼ì_ì¦,1.8,105.5,45,76,147,90,97,60,70,dragon,,5,0
613,ì½__ë¯,0.5,8.5,120,55,70,40,40,60,40,ice,,5,0
614,°ë_,2.6,260,60,95,130,80,50,70,80,ice,,5,0
615,_¦¬ì§,1.1,148,25,80,50,50,105,95,135,ice,,5,0
616,ìª¼ë_ë¦,0.4,7.7,200,50,40,85,25,40,65,bug,,5,0
617,´ìë¦¬ë_,0.8,25.3,75,80,70,40,145,100,60,bug,,5,0
618,ë©__,0.7,11,75,109,66,84,32,81,99,ground,electric,5,0
619,ë¹_¡°,0.9,20,180,45,85,50,65,55,50,fighting,,5,0
620,ë¹_¡°,1.4,35.5,45,65,125,60,105,95,60,fighting,,5,0
621,¬ë¦¬ë§,1.6,139,45,77,120,90,48,60,90,dragon,,5,0
622,ê³¨ë_,1,92,190,59,74,50,35,35,50,ground,ghost,5,0
623,ê³¨ë£¨ê·,2.8,330,90,89,124,80,55,55,80,ground,ghost,5,0
624,__ì¹,0.5,10.2,120,45,85,70,60,40,40,dark,steel,5,0
625,__ì°,1.6,70,45,65,125,100,70,60,70,dark,steel,5,0
626,ë²__ë¡,1.6,94.6,45,95,110,95,55,40,95,normal,,5,0
627,_¦¬¥ë³´,0.5,10.5,190,70,83,50,60,37,50,normal,flying,5,0
628,_,1.5,41,60,100,123,75,80,57,75,normal,flying,5,0
629,ë²_°¨,0.5,9,190,70,55,75,60,45,65,dark,flying,5,0
630,ë²__ì§,1.2,39.5,60,110,65,105,80,55,95,dark,flying,5,0
631,¤í_ê³,1.4,58,90,85,97,66,65,105,66,fire,,5,0
632,__¤í_,0.3,33,90,58,109,112,109,48,48,bug,steel,5,0
633,ëª¨ë_,0.8,17.3,45,52,65,50,38,45,50,dark,dragon,5,0
634,__,1.4,50,45,72,85,70,58,65,70,dark,dragon,5,0
635,¼ì___,1.8,160,45,92,105,90,98,125,90,dark,dragon,5,0
636,__ë¥´ë_,1.1,28.8,45,55,85,55,60,50,55,bug,fire,5,0
637,ë¶_¹´ëª¨ì_,1.6,46,15,85,60,65,100,135,105,bug,fire,5,0
638,ì½__ë¥´ì_,2.1,250,3,91,90,129,108,90,72,steel,fighting,5,1
639,__¤ì_,1.9,260,3,91,129,90,108,72,90,rock,fighting,5,1
640,ë¹_¦¬__,2,200,3,91,90,72,108,90,129,grass,fighting,5,1
641,__ë¡__,1.5,63,3,79,100,80,121,110,90,flying,,5,1
642,ë³¼í_ë¡__,1.5,61,3,79,105,70,101,145,80,electric,flying,5,1
643,__¼ë¬´,3.2,330,3,100,120,100,90,150,120,dragon,fire,5,1
644,__ë¡_¬´,2.9,345,3,100,150,120,90,120,100,dragon,electric,5,1
645,__ë¡__,1.5,68,3,89,145,90,91,105,80,ground,flying,5,1
646,__ë¬,3,325,3,125,120,90,95,170,100,dragon,ice,5,1
647,ì¼ë¥´ë_,1.4,48.5,3,91,72,90,108,129,90,water,fighting,5,1
648,ë©__£í,0.6,6.5,3,100,128,90,128,77,77,normal,psychic,5,1
649,ê²__¸í_,1.5,82.5,3,71,120,95,99,120,95,bug,steel,5,1
650,__ë§__,0.4,9,45,56,61,65,38,48,45,grass,,6,0
651,__ë³´êµ¬,0.7,29,45,61,78,95,57,56,58,grass,,6,0
652,ë¸_¦¬ê°ë¡,1.6,90,45,88,107,122,64,74,75,grass,fighting,6,0
653,¸í_ê¼,0.4,9.4,45,40,45,40,60,62,60,fire,,6,0
654,_¥´,1,14.5,45,59,59,58,73,90,70,fire,,6,0
655,ë§__,1.5,39,45,75,69,72,104,114,100,fire,psychic,6,0
656,ê°_µ¬ë§_¥´,0.3,7,45,41,56,40,71,62,44,water,,6,0
657,ê°_µ´ë°__,0.6,10.9,45,54,63,52,97,83,56,water,,6,0
658,ê°_µ´__,1.5,40,45,72,145,67,132,153,71,water,dark,6,0
659,_¥´ë¹,0.4,5,255,38,36,38,57,32,36,normal,,6,0
660,_¥´,1,42.4,127,85,56,77,78,50,77,normal,ground,6,0
661,__ê¼¬ë_,0.3,1.7,255,45,50,43,62,40,38,normal,flying,6,0
662,ë¶__´ë_,0.7,16,120,62,73,55,84,56,52,fire,flying,6,0
663,__´ë_,1.2,24.5,45,78,81,71,126,74,69,fire,flying,6,0
664,ë¶__ë²__,0.3,2.5,255,38,35,40,35,27,25,bug,,6,0
665,ë¶___¦¬,0.3,8.4,120,45,22,60,29,27,30,bug,,6,0
666,ë¹__,1.2,17,45,80,52,50,89,90,50,bug,flying,6,0
667,__ê¼,0.6,13.5,220,62,50,58,72,73,54,fire,normal,6,0
668,____,1.5,81.5,65,86,68,72,106,109,66,fire,normal,6,0
669,__ë²__,0.1,0.1,225,44,38,39,42,61,79,fairy,,6,0
670,__£í_,0.2,0.9,120,74,65,67,92,125,128,fairy,,6,0
671,____,1.1,10,45,78,65,68,75,112,154,fairy,,6,0
672,ë©__,0.9,31,200,66,65,48,52,62,57,grass,,6,0
673,ê³__,1.7,91,45,123,100,62,68,97,81,grass,,6,0
674,_§±,0.6,8,220,67,82,62,43,46,48,fighting,,6,0
675,ë¶,2.1,136,65,95,124,78,58,69,71,fighting,dark,6,0
676,¸ë¦¬ë¯¸ì_,1.2,28,160,75,80,60,102,65,90,normal,,6,0
677,__,0.3,3.5,190,62,48,54,68,63,60,psychic,,6,0
678,____,0.6,8.5,75,74,48,76,104,83,81,psychic,,6,0
679,¨ì¹¼ë¹,0.8,2,180,45,80,100,28,35,37,steel,ghost,6,0
680,_,0.8,4.5,90,59,110,150,35,45,49,steel,ghost,6,0
681,¬êë¥´ë_,1.7,53,45,60,150,50,60,150,50,steel,ghost,6,0
682,__,0.2,0.5,200,78,52,60,23,63,65,fairy,,6,0
683,____ë¥,0.8,15.5,140,101,72,72,29,99,89,fairy,,6,0
684,_£¸¼í_,0.4,3.5,200,62,48,66,49,59,57,fairy,,6,0
685,_£¨ë¦,0.8,5,140,82,80,86,72,85,75,fairy,,6,0
686,¤ì´ì_,0.4,3.5,190,53,54,53,45,37,46,dark,psychic,6,0
687,ì¹¼ë_ë§__ë¡,1.5,47,80,86,92,88,73,68,75,dark,psychic,6,0
688,ê±°ë___,0.5,31,120,42,52,67,50,39,56,rock,water,6,0
689,ê±°ë___,1.3,96,45,72,105,115,68,54,86,rock,water,6,0
690,__ê¸,0.5,7.3,225,50,60,60,30,60,60,poison,water,6,0
691,__ìº,1.8,81.5,55,65,75,90,44,97,123,poison,dragon,6,0
692,__,0.5,8.3,225,50,53,62,44,58,63,water,,6,0
693,ë¸__¤í_,1.3,35.3,55,71,73,88,59,120,89,water,,6,0
694,ëª©ë_ë¦¬í_,0.5,6,190,44,38,33,70,61,43,electric,normal,6,0
695,¼ë__¦¬__,1,21,75,62,55,52,109,109,94,electric,normal,6,0
696,°ê_¼ì_,0.8,26,45,58,89,77,48,45,45,rock,dragon,6,0
697,ê²¬ê_¼ì_,2.5,270,45,82,121,119,71,69,59,rock,dragon,6,0
698,__ë£¨ì_,1.3,25.2,45,77,59,50,46,67,63,rock,ice,6,0
699,__ë£¨ë¥´ê°,2.7,225,45,123,77,72,58,99,92,rock,ice,6,0
700,__,1,23.5,45,95,65,65,60,110,130,fairy,,6,0
701,ë£¨ì°¨ë¶,0.8,21.5,100,78,92,75,118,74,63,fighting,flying,6,0
702,°ë_,0.2,2.2,180,67,58,57,101,81,67,electric,fairy,6,0
703,ë©_¦¬,0.3,5.7,60,50,50,150,50,50,150,rock,fairy,6,0
704,ë¯¸ë_ë©__,0.3,2.8,45,45,50,35,40,55,75,dragon,,6,0
705,ë¯¸ë_¤ì_,0.8,17.5,45,68,75,53,60,83,113,dragon,,6,0
706,ë¯¸ë__³¤,2,150.5,45,90,100,70,80,110,150,dragon,,6,0
707,´ë_,0.2,3,75,57,80,91,75,80,87,steel,fairy,6,0
708,_ª©,0.4,7,120,43,70,48,38,50,60,ghost,grass,6,0
709,ë¡__,1.5,71,60,85,110,76,56,65,82,ghost,grass,6,0
710,¸ë_ê·,0.8,15,120,59,66,70,41,44,55,ghost,grass,6,0
711,__,1.7,39,60,85,100,122,54,58,75,ghost,grass,6,0
712,ê½__ë¦,1,99.5,190,55,69,85,28,32,35,ice,,6,0
713,¬ë_ë²__,2,505,55,95,117,184,28,44,46,ice,,6,0
714,__,0.5,8,190,40,30,35,55,45,40,flying,dragon,6,0
715,__,1.5,85,45,85,70,80,123,97,80,flying,dragon,6,0
716,_¥´¤ì_,3,215,45,126,131,95,99,131,98,fairy,,6,1
717,´ë²¨ë¥,5.8,203,45,126,131,95,99,131,98,dark,flying,6,1
718,ì§ê°ë¥´ë_,5,284.6,3,216,100,121,85,91,95,dragon,ground,6,1
719,__,0.7,8.8,3,50,160,110,110,160,110,rock,fairy,6,1
720,__,,,3,80,160,60,80,170,130,psychic,ghost,6,1
721,ë³¼ì__,1.7,195,3,80,110,120,70,130,90,fire,water,6,1
722,_ª°ë¹¼ë,0.3,1.5,45,68,55,55,42,50,50,grass,flying,7,0
723,ë¹¼ë¤ë_,0.7,16,45,78,75,75,52,70,70,grass,flying,7,0
724,ëª¨í___,1.6,36.6,45,78,107,75,70,100,100,grass,ghost,7,0
725,__ë¶,0.4,4.3,45,45,65,40,70,60,40,fire,,7,0
726,____,0.7,25,45,65,85,50,90,80,50,fire,,7,0
727,´í_,1.8,83,45,95,115,90,60,80,90,fire,dark,7,0
728,_¦¬ê³,0.4,7.5,45,50,54,54,40,66,56,water,,7,0
729,¤ì_ê³,0.6,17.5,45,60,69,69,50,91,81,water,,7,0
730,_¦¬__,1.8,44,45,80,74,74,60,126,116,water,fairy,7,0
731,ì½__êµ¬ë¦¬,0.3,1.2,255,35,75,30,65,30,30,normal,flying,7,0
732,¬ë_,0.6,14.8,120,55,85,50,75,40,50,normal,flying,7,0
733,__ë¶ë¦,1.1,26,45,80,120,75,60,75,75,normal,flying,7,0
734,_µ¬,0.4,6,255,48,70,30,45,30,30,normal,,7,0
735,__êµ¬ì_,0.7,14.2,127,88,110,60,45,55,60,normal,,7,0
736,±ìì¶©ì_,0.4,4.4,255,47,62,45,46,55,45,bug,,7,0
737,_ì¶©ì_,0.5,10.5,120,57,82,95,36,55,75,bug,electric,7,0
738,¬êµ¬ë¿__,1.5,45,45,77,70,90,43,145,75,bug,electric,7,0
739,¤ê¸°ì§ê²,0.6,7,225,47,82,57,63,42,47,fighting,,7,0
740,ëª¨ë_¨ê_,1.7,180,60,97,132,77,43,62,67,fighting,ice,7,0
741,ì¶¤ì_,0.6,3.4,45,75,70,70,93,98,70,fire,flying,7,0
742,__ë¦,0.1,0.2,190,40,45,40,84,55,40,bug,fairy,7,0
743,_¦¬ë³,0.2,0.5,75,60,55,60,124,95,70,bug,fairy,7,0
744,__,0.5,9.2,190,45,65,40,60,30,40,rock,,7,0
745,ë£¨êë£¨ì_,,,90,85,115,75,82,55,75,rock,,7,0
746,½ì_ë¦,0.2,0.3,60,45,140,130,30,140,135,water,,7,0
747,__¬ë¦¬,0.4,8,190,50,53,62,45,43,52,poison,water,7,0
748,__ë§__ë¦,0.7,14.5,75,50,63,152,35,53,142,poison,water,7,0
749,ë¨¸ë__¸°,1,110,190,70,100,70,45,45,55,ground,,7,0
750,ë§__,2.5,920,60,100,125,100,35,55,85,ground,,7,0
751,ë¬¼ê±°ë¯,0.3,4,200,38,40,52,27,40,72,water,bug,7,0
752,ê¹¨ë_ë¬¼ê±°ë¯,1.8,82,100,68,70,92,42,50,132,water,bug,7,0
753,ì§__,0.3,1.5,190,40,55,35,35,50,35,grass,,7,0
754,¼ë°ì_,0.9,18.5,75,70,105,90,45,80,90,grass,,7,0
755,__,0.2,1.5,190,40,35,55,15,65,75,grass,fairy,7,0
756,ë§__´ë_,1,11.5,75,60,45,80,30,90,100,grass,fairy,7,0
757,¼ë_,0.6,4.8,120,48,44,40,77,71,40,poison,fire,7,0
758,¼ë_,1.2,22.2,45,68,64,60,117,111,60,poison,fire,7,0
759,¬ê³°ê³,0.5,6.8,140,70,75,50,50,45,50,normal,fighting,7,0
760,´ë_ê³,2.1,135,70,120,125,80,60,55,60,normal,fighting,7,0
761,¬ì½¤,0.3,3.2,235,42,30,38,32,30,38,grass,,7,0
762,¬ë¬´ë¦¬ë_,0.7,8.2,120,52,40,48,62,40,48,grass,,7,0
763,¬ì_,1.2,21.4,45,72,120,98,72,50,98,grass,,7,0
764,__ë§,0.1,0.3,60,51,52,90,100,82,110,fairy,,7,0
765,__°í_,1.5,76,45,90,60,80,60,90,110,normal,psychic,7,0
766,´ë__,2,82.8,45,100,120,90,80,40,60,fighting,,7,0
767,ê¼¬ì_,0.5,12,90,25,35,40,80,20,30,bug,water,7,0
768,ê°_£¼ë¬´ì_,2,108,45,75,125,140,40,60,90,bug,water,7,0
769,ëª¨ë_ê¿,0.5,70,140,55,55,80,15,70,45,ghost,ground,7,0
770,ëª¨ë_±ì_,1.3,250,60,85,75,110,35,100,75,ghost,ground,7,0
771,´ë¬´ê¸,0.3,1.2,60,55,60,130,5,30,130,water,,7,0
772,:,1.9,120.5,3,95,95,95,59,95,95,normal,,7,0
773,¤ë_,2.3,100.5,3,95,95,95,95,95,95,normal,,7,0
774,ë©__,0.3,40,30 (Meteorite)255 (Core),60,100,60,120,100,60,rock,flying,7,0
775,__,0.4,19.9,45,65,115,65,65,75,95,normal,,7,0
776,±°ë¶__,2,212,70,60,78,135,36,91,85,fire,dragon,7,0
777,__°ë_ë£,0.3,3.3,180,65,98,63,96,40,73,electric,steel,7,0
778,°ë_,0.2,0.7,45,55,90,80,96,50,105,ghost,fairy,7,0
779,ì¹__ê¸,0.9,19,80,68,105,70,92,70,70,water,psychic,7,0
780,__ë¡,3,185,70,78,60,85,36,135,91,normal,dragon,7,0
781,ë¥,3.9,210,25,70,131,100,40,86,90,ghost,grass,7,0
782,ì§__ê¼,0.6,29.7,45,45,55,65,45,45,45,dragon,,7,0
783,ì§__ê³__,1.2,47,45,55,75,90,65,65,70,dragon,fighting,7,0
784,ì§__ê³__ê±,1.6,78.2,45,75,110,125,85,100,105,dragon,fighting,7,0
785,ì¹´í_ê¼¬ê¼¬ê¼,1.8,20.5,3,70,115,85,130,95,75,electric,fairy,7,1
786,ì¹´í___,1.2,18.6,3,70,85,75,95,130,115,psychic,fairy,7,1
787,ì¹´í_ë¸_£¨ë£,1.9,45.5,3,70,130,115,75,85,95,grass,fairy,7,1
788,ì¹´í__,1.3,21.2,3,70,75,115,85,95,130,water,fairy,7,1
789,ì½__ëª¨ê·¸,0.2,0.1,45,43,29,31,37,29,31,psychic,,7,1
790,ì½__ëª¨ì,0.1,999.9,45,43,29,131,37,29,131,psychic,,7,1
791,___,3.4,230,45,137,137,107,97,113,89,psychic,steel,7,1
792,ë£¨ë___,4,120,45,137,113,89,97,137,107,psychic,ghost,7,1
793,__,1.2,55.5,45,109,53,47,103,127,131,rock,poison,7,1
794,ë§¤ì_ë¶,2.4,333.6,25,107,139,139,79,53,53,bug,fighting,7,1
795,__ì½_²´,1.8,25,255,71,137,37,151,137,37,bug,fighting,7,1
796,__ëª,3.8,100,30,83,89,71,83,173,71,electric,,7,1
797,ì²__êµ¬ì_,9.2,999.9,25,97,101,103,61,107,101,steel,flying,7,1
798,ì¢____,0.3,0.1,255,59,181,131,109,59,31,grass,steel,7,1
799,__,5.5,888,15,223,101,53,43,97,53,dark,dragon,7,1
800,¤í_ë¡__ë§,2.4,230,3,97,107,101,79,127,89,psychic,,7,1
801,ë§_¸°__,1,80.5,3,80,95,115,65,130,115,steel,fairy,7,1